rival,key_tags,lkp_tags,ranked,industry,counted,link,Company
wework,"{'LAWSON CONNER', 'BRING PEOPLE TOGETHER OUTSIDE OF WORK', 'HARGOL', 'WELKIO', '$500 MILLION', 'NAKED HUB', 'FLATIRON SCHOOL', 'ISRAELI', 'ITS CODE BOOTCAMPS FOR GIRLS', 'UNOMY', 'SOUTHEAST ASIA', 'VICTOR GUTWEIN', 'SEO', 'M25 GROUP', 'THE FUTURE OF OFFICE DESIGN', 'LAST WEEK', '$32 MILLION', 'THE WING', 'DROR TAMIR', 'CHINA', 'MAY START', 'FIELDLENS'}","{'$4.75 MILLION', 'CHICAGO', '$152M', 'SINGAPORE', 'LA', 'DUBLIN', 'SEA', 'PORTLAND', 'SOUTHEAST ASIA', '$500 MILLION', 'WELLS FARGO CENTER'}",2,Commercial Real Estate,20,"http://www.pressreader.com/usa/the-dallas-morning-news/20180726/282544429101196,https://archpaper.com/2018/07/wework-data-meteoric-expansion/,https://techstartups.com/2018/07/19/wework-competitor-swivel-raises-4-75-million-seed-round-grow-platform-expand-new-cities-hire-new-staff/,http://www.globest.com/2018/07/19/wework-once-again-expands-nyc-footprint/,http://milehighcre.com/wework-continues-denver-expansion-into-wells-fargo-center/,https://www.hospitalitydesign.com/news/retail-commercial/wework-introduces-retail-concept-wemrkt/,https://theurbandeveloper.com/articles/co-working-giant-wework-expands-into-brisbane,http://www.chicpeoplemeet.com/m/mnews/view/WeWork-Introduces-Retail-Format-for-Its-Members,https://www.businesspost.ie/business/wework-says-dublin-obvious-choice-expansion-office-space-giant-hunt-irish-properties-419661,https://www.fastcompany.com/40585209/as-wework-expands-globally-so-does-its-revenue,http://www.chicagotribune.com/business/columnists/ori/ct-biz-wework-chicago-expansion-ryan-ori-20180612-story.html,https://sbr.com.sg/commercial-property/news/daily-briefing-wework-eyes-more-flex-work-spaces-in-singapore-singapore-ben,https://www.cnbc.com/2018/06/06/innovfest-unbound-wework-to-expand-in-southeast-asia.html,https://www.oregonlive.com/expo/erry-2018/06/8d94f4baba1004/wework_opens_third_portland_lo.html,https://www.businesstimes.com.sg/technology/chinese-wework-rival-said-to-seek-fresh-funding-to-expand,https://businessden.com/2018/05/29/wework-mulls-expansion-into-wells-fargo-center/,https://www.inman.com/2018/05/29/how-a-luxury-brokerage-is-using-wework-to-expand-across-la/,https://techcrunch.com/2017/08/06/in-its-push-to-compete-in-southeast-asia-wework-is-pouring-500-million-into-the-region/,https://www.msn.com/en-gb/video/other/convene-ceo-on-expansion-plans-taking-on-wework/vp-AAzRjv9,https://finance-commerce.com/2018/07/wework-rival-raises-152m-for-expansion/",
wework,"{'LAWSON CONNER', 'BRING PEOPLE TOGETHER OUTSIDE OF WORK', 'HARGOL', 'WELKIO', '$500 MILLION', 'NAKED HUB', 'FLATIRON SCHOOL', 'ISRAELI', 'ITS CODE BOOTCAMPS FOR GIRLS', 'UNOMY', 'SOUTHEAST ASIA', 'VICTOR GUTWEIN', 'SEO', 'M25 GROUP', 'THE FUTURE OF OFFICE DESIGN', 'LAST WEEK', '$32 MILLION', 'THE WING', 'DROR TAMIR', 'CHINA', 'MAY START', 'FIELDLENS'}","{'$4.75 MILLION', 'CHICAGO', '$152M', 'SINGAPORE', 'LA', 'DUBLIN', 'SEA', 'PORTLAND', 'SOUTHEAST ASIA', '$500 MILLION', 'WELLS FARGO CENTER'}",3,Commercial Real Estate,1,https://www.hedgeweek.com/2018/06/13/265243/lawson-conner-announces-collaboration-wework-provide-special-offerings-clients,Lawson Connor
wework,"{'LAWSON CONNER', 'BRING PEOPLE TOGETHER OUTSIDE OF WORK', 'HARGOL', 'WELKIO', '$500 MILLION', 'NAKED HUB', 'FLATIRON SCHOOL', 'ISRAELI', 'ITS CODE BOOTCAMPS FOR GIRLS', 'UNOMY', 'SOUTHEAST ASIA', 'VICTOR GUTWEIN', 'SEO', 'M25 GROUP', 'THE FUTURE OF OFFICE DESIGN', 'LAST WEEK', '$32 MILLION', 'THE WING', 'DROR TAMIR', 'CHINA', 'MAY START', 'FIELDLENS'}","{'$4.75 MILLION', 'CHICAGO', '$152M', 'SINGAPORE', 'LA', 'DUBLIN', 'SEA', 'PORTLAND', 'SOUTHEAST ASIA', '$500 MILLION', 'WELLS FARGO CENTER'}",4,Female-only co-working space and social club,1,https://mashable.com/2017/11/21/the-wing-wework-series-b/#9aPbvr1plqqh,The Wing
wework,"{'LAWSON CONNER', 'BRING PEOPLE TOGETHER OUTSIDE OF WORK', 'HARGOL', 'WELKIO', '$500 MILLION', 'NAKED HUB', 'FLATIRON SCHOOL', 'ISRAELI', 'ITS CODE BOOTCAMPS FOR GIRLS', 'UNOMY', 'SOUTHEAST ASIA', 'VICTOR GUTWEIN', 'SEO', 'M25 GROUP', 'THE FUTURE OF OFFICE DESIGN', 'LAST WEEK', '$32 MILLION', 'THE WING', 'DROR TAMIR', 'CHINA', 'MAY START', 'FIELDLENS'}","{'$4.75 MILLION', 'CHICAGO', '$152M', 'SINGAPORE', 'LA', 'DUBLIN', 'SEA', 'PORTLAND', 'SOUTHEAST ASIA', '$500 MILLION', 'WELLS FARGO CENTER'}",4,Hospitality,1,https://www.wework.com/creator/creator-awards/grasshoppers-new-sushi-says-hargol-foodtech/,Hargol FoodTech
wework,"{'LAWSON CONNER', 'BRING PEOPLE TOGETHER OUTSIDE OF WORK', 'HARGOL', 'WELKIO', '$500 MILLION', 'NAKED HUB', 'FLATIRON SCHOOL', 'ISRAELI', 'ITS CODE BOOTCAMPS FOR GIRLS', 'UNOMY', 'SOUTHEAST ASIA', 'VICTOR GUTWEIN', 'SEO', 'M25 GROUP', 'THE FUTURE OF OFFICE DESIGN', 'LAST WEEK', '$32 MILLION', 'THE WING', 'DROR TAMIR', 'CHINA', 'MAY START', 'FIELDLENS'}","{'$4.75 MILLION', 'CHICAGO', '$152M', 'SINGAPORE', 'LA', 'DUBLIN', 'SEA', 'PORTLAND', 'SOUTHEAST ASIA', '$500 MILLION', 'WELLS FARGO CENTER'}",4,Media Platform for Veterans,1,https://www.wework.com/creator/younginnovators/young-innovators-victor-gutwein-m25-group/,Victor Tech Inc
wework,"{'LAWSON CONNER', 'BRING PEOPLE TOGETHER OUTSIDE OF WORK', 'HARGOL', 'WELKIO', '$500 MILLION', 'NAKED HUB', 'FLATIRON SCHOOL', 'ISRAELI', 'ITS CODE BOOTCAMPS FOR GIRLS', 'UNOMY', 'SOUTHEAST ASIA', 'VICTOR GUTWEIN', 'SEO', 'M25 GROUP', 'THE FUTURE OF OFFICE DESIGN', 'LAST WEEK', '$32 MILLION', 'THE WING', 'DROR TAMIR', 'CHINA', 'MAY START', 'FIELDLENS'}","{'$4.75 MILLION', 'CHICAGO', '$152M', 'SINGAPORE', 'LA', 'DUBLIN', 'SEA', 'PORTLAND', 'SOUTHEAST ASIA', '$500 MILLION', 'WELLS FARGO CENTER'}",4,Surfing,1,https://mashable.com/2017/11/21/the-wing-wework-series-b/#9aPbvr1plqqh,The Wing
wework,"{'LAWSON CONNER', 'BRING PEOPLE TOGETHER OUTSIDE OF WORK', 'HARGOL', 'WELKIO', '$500 MILLION', 'NAKED HUB', 'FLATIRON SCHOOL', 'ISRAELI', 'ITS CODE BOOTCAMPS FOR GIRLS', 'UNOMY', 'SOUTHEAST ASIA', 'VICTOR GUTWEIN', 'SEO', 'M25 GROUP', 'THE FUTURE OF OFFICE DESIGN', 'LAST WEEK', '$32 MILLION', 'THE WING', 'DROR TAMIR', 'CHINA', 'MAY START', 'FIELDLENS'}","{'$4.75 MILLION', 'CHICAGO', '$152M', 'SINGAPORE', 'LA', 'DUBLIN', 'SEA', 'PORTLAND', 'SOUTHEAST ASIA', '$500 MILLION', 'WELLS FARGO CENTER'}",4,Women only Technology Boot Camp (Coding),1,https://www.americaninno.com/chicago/chicago-girls-in-tech-nonprofit-brave-initiatives-wins-at-wework-awards/,Brave Initiatives
wework,"{'LAWSON CONNER', 'BRING PEOPLE TOGETHER OUTSIDE OF WORK', 'HARGOL', 'WELKIO', '$500 MILLION', 'NAKED HUB', 'FLATIRON SCHOOL', 'ISRAELI', 'ITS CODE BOOTCAMPS FOR GIRLS', 'UNOMY', 'SOUTHEAST ASIA', 'VICTOR GUTWEIN', 'SEO', 'M25 GROUP', 'THE FUTURE OF OFFICE DESIGN', 'LAST WEEK', '$32 MILLION', 'THE WING', 'DROR TAMIR', 'CHINA', 'MAY START', 'FIELDLENS'}","{'$4.75 MILLION', 'CHICAGO', '$152M', 'SINGAPORE', 'LA', 'DUBLIN', 'SEA', 'PORTLAND', 'SOUTHEAST ASIA', '$500 MILLION', 'WELLS FARGO CENTER'}",5,Building IT consultancy,1,https://www.archdaily.com/771390/as-wework-acquires-case-the-future-of-office-design-may-start-today,CASE
wework,"{'LAWSON CONNER', 'BRING PEOPLE TOGETHER OUTSIDE OF WORK', 'HARGOL', 'WELKIO', '$500 MILLION', 'NAKED HUB', 'FLATIRON SCHOOL', 'ISRAELI', 'ITS CODE BOOTCAMPS FOR GIRLS', 'UNOMY', 'SOUTHEAST ASIA', 'VICTOR GUTWEIN', 'SEO', 'M25 GROUP', 'THE FUTURE OF OFFICE DESIGN', 'LAST WEEK', '$32 MILLION', 'THE WING', 'DROR TAMIR', 'CHINA', 'MAY START', 'FIELDLENS'}","{'$4.75 MILLION', 'CHICAGO', '$152M', 'SINGAPORE', 'LA', 'DUBLIN', 'SEA', 'PORTLAND', 'SOUTHEAST ASIA', '$500 MILLION', 'WELLS FARGO CENTER'}",5,Construction Company,1,https://techcrunch.com/2017/06/07/wework-has-acquired-venture-backed-fieldlens/,Fieldlens
wework,"{'LAWSON CONNER', 'BRING PEOPLE TOGETHER OUTSIDE OF WORK', 'HARGOL', 'WELKIO', '$500 MILLION', 'NAKED HUB', 'FLATIRON SCHOOL', 'ISRAELI', 'ITS CODE BOOTCAMPS FOR GIRLS', 'UNOMY', 'SOUTHEAST ASIA', 'VICTOR GUTWEIN', 'SEO', 'M25 GROUP', 'THE FUTURE OF OFFICE DESIGN', 'LAST WEEK', '$32 MILLION', 'THE WING', 'DROR TAMIR', 'CHINA', 'MAY START', 'FIELDLENS'}","{'$4.75 MILLION', 'CHICAGO', '$152M', 'SINGAPORE', 'LA', 'DUBLIN', 'SEA', 'PORTLAND', 'SOUTHEAST ASIA', '$500 MILLION', 'WELLS FARGO CENTER'}",5,Digital Marketing,2,"https://techcrunch.com/2018/03/06/wework-acquires-conductor/,https://techcrunch.com/2017/08/10/wework-unomy/?ncid=rss","Conductor,Unomy"
wework,"{'LAWSON CONNER', 'BRING PEOPLE TOGETHER OUTSIDE OF WORK', 'HARGOL', 'WELKIO', '$500 MILLION', 'NAKED HUB', 'FLATIRON SCHOOL', 'ISRAELI', 'ITS CODE BOOTCAMPS FOR GIRLS', 'UNOMY', 'SOUTHEAST ASIA', 'VICTOR GUTWEIN', 'SEO', 'M25 GROUP', 'THE FUTURE OF OFFICE DESIGN', 'LAST WEEK', '$32 MILLION', 'THE WING', 'DROR TAMIR', 'CHINA', 'MAY START', 'FIELDLENS'}","{'$4.75 MILLION', 'CHICAGO', '$152M', 'SINGAPORE', 'LA', 'DUBLIN', 'SEA', 'PORTLAND', 'SOUTHEAST ASIA', '$500 MILLION', 'WELLS FARGO CENTER'}",5,Digital Sign-in System,1,https://techcrunch.com/2016/03/18/weworks-second-acquisition-is-welkio-a-digital-sign-in-system-for-offices/,Welkio
wework,"{'LAWSON CONNER', 'BRING PEOPLE TOGETHER OUTSIDE OF WORK', 'HARGOL', 'WELKIO', '$500 MILLION', 'NAKED HUB', 'FLATIRON SCHOOL', 'ISRAELI', 'ITS CODE BOOTCAMPS FOR GIRLS', 'UNOMY', 'SOUTHEAST ASIA', 'VICTOR GUTWEIN', 'SEO', 'M25 GROUP', 'THE FUTURE OF OFFICE DESIGN', 'LAST WEEK', '$32 MILLION', 'THE WING', 'DROR TAMIR', 'CHINA', 'MAY START', 'FIELDLENS'}","{'$4.75 MILLION', 'CHICAGO', '$152M', 'SINGAPORE', 'LA', 'DUBLIN', 'SEA', 'PORTLAND', 'SOUTHEAST ASIA', '$500 MILLION', 'WELLS FARGO CENTER'}",5,EduTech,2,"https://www.axios.com/wework-acquires-missionu-to-boost-education-ambitions-d46232c8-3cc3-45d3-a72a-3acfa16e2985.html,https://techcrunch.com/2017/10/23/wework-acquires-flatiron-school/","MissionU,Flatiron School"
wework,"{'LAWSON CONNER', 'BRING PEOPLE TOGETHER OUTSIDE OF WORK', 'HARGOL', 'WELKIO', '$500 MILLION', 'NAKED HUB', 'FLATIRON SCHOOL', 'ISRAELI', 'ITS CODE BOOTCAMPS FOR GIRLS', 'UNOMY', 'SOUTHEAST ASIA', 'VICTOR GUTWEIN', 'SEO', 'M25 GROUP', 'THE FUTURE OF OFFICE DESIGN', 'LAST WEEK', '$32 MILLION', 'THE WING', 'DROR TAMIR', 'CHINA', 'MAY START', 'FIELDLENS'}","{'$4.75 MILLION', 'CHICAGO', '$152M', 'SINGAPORE', 'LA', 'DUBLIN', 'SEA', 'PORTLAND', 'SOUTHEAST ASIA', '$500 MILLION', 'WELLS FARGO CENTER'}",5,Membership Software,1,https://www.bloomberg.com/news/articles/2017-11-28/wework-to-buy-meetup-a-social-network-to-connect-hobbyists,Meetup
wework,"{'LAWSON CONNER', 'BRING PEOPLE TOGETHER OUTSIDE OF WORK', 'HARGOL', 'WELKIO', '$500 MILLION', 'NAKED HUB', 'FLATIRON SCHOOL', 'ISRAELI', 'ITS CODE BOOTCAMPS FOR GIRLS', 'UNOMY', 'SOUTHEAST ASIA', 'VICTOR GUTWEIN', 'SEO', 'M25 GROUP', 'THE FUTURE OF OFFICE DESIGN', 'LAST WEEK', '$32 MILLION', 'THE WING', 'DROR TAMIR', 'CHINA', 'MAY START', 'FIELDLENS'}","{'$4.75 MILLION', 'CHICAGO', '$152M', 'SINGAPORE', 'LA', 'DUBLIN', 'SEA', 'PORTLAND', 'SOUTHEAST ASIA', '$500 MILLION', 'WELLS FARGO CENTER'}",5,Shared Workspace,2,"https://techcrunch.com/2018/04/11/wework-confirms-deal-to-buy-naked-hub-one-of-its-main-competitors-in-china/,https://techcrunch.com/2017/08/06/in-its-push-to-compete-in-southeast-asia-wework-is-pouring-500-million-into-the-region/","NakedHub,Spacemob"
savills,,,3,Commercial Real Estate,1,https://www.propertyweek.com/finance/telford-appoints-savills-to-find-funding-partner-for-btr-pipeline/5097641.article,
savills,,,5,Distribution,1,https://realassets.ipe.com/news/savills-im-buys-french-asset-for-european-logistics-fund/10025815.article,European Logistics Fund 2
savills,,,5,Finance ,1,https://realassets.ipe.com/news/savills-im-buys-stake-in-property-debt-investment-adviser-drc-capital/realassets.ipe.com/news/savills-im-buys-stake-in-property-debt-investment-adviser-drc-capital/10025900.fullarticle,DRC Capital
savills,,,5,Logistics,1,https://realassets.ipe.com/news/savills-im-to-buy-finnish-and-dutch-logistics-assets-for-korean-investors/10025558.article,Korean Investors
cbre,"{'THE HOME FOR GROWTH', 'COMFY', 'MICHAEL HORWITZ & COMPANY', 'ABOUT $20', 'NEWS CORP', 'CALEDON CAPITAL MANAGEMENT', 'ACQUISITION OF ATRIUM AS', 'MANAGEMENT FIRM', '£1.5 MILLION', 'ADVANCED TECHNOLOGY FOR COMMERCIAL REAL ESTATE', 'STOWGA', 'STATE AUTO LABS FUND', 'RACE PROPERTY', 'CHICAGO', ""ACQUIRE LONDON'S"", 'LEADING AUSTRALIAN HEALTHCARE PROJECT ADVISORY', 'FACILITYSOUTCE ENHANCE DELIVERY INTEGRATED SOLUTIONS', 'THE NATIONAL LEADER', '$12 MILLION', 'ACQUIRES FLOORED', 'LAST WEEK', '$10M', 'ACQUIRES TAX CREDIT GROUP', 'BRENNER REAL ESTATE GROUP', 'MATTERPORT', 'INC.'}","{'52-WEEK', 'BAY AREA', 'SAN FRANCISCO', 'SEATTLE', 'NYC'}",2,Commercial Real Estate,2,"http://www.wallstreetmorning.com/2018/07/27/every-trader-keep-eyes-on-cbre-group-inc-cbre-as-stock-hits-52-week-high/,https://www.geekwire.com/2018/sick-san-francisco-seattle-tops-nyc-favorite-expansion-market-bay-area-tech-companies/",
cbre,"{'THE HOME FOR GROWTH', 'COMFY', 'MICHAEL HORWITZ & COMPANY', 'ABOUT $20', 'NEWS CORP', 'CALEDON CAPITAL MANAGEMENT', 'ACQUISITION OF ATRIUM AS', 'MANAGEMENT FIRM', '£1.5 MILLION', 'ADVANCED TECHNOLOGY FOR COMMERCIAL REAL ESTATE', 'STOWGA', 'STATE AUTO LABS FUND', 'RACE PROPERTY', 'CHICAGO', ""ACQUIRE LONDON'S"", 'LEADING AUSTRALIAN HEALTHCARE PROJECT ADVISORY', 'FACILITYSOUTCE ENHANCE DELIVERY INTEGRATED SOLUTIONS', 'THE NATIONAL LEADER', '$12 MILLION', 'ACQUIRES FLOORED', 'LAST WEEK', '$10M', 'ACQUIRES TAX CREDIT GROUP', 'BRENNER REAL ESTATE GROUP', 'MATTERPORT', 'INC.'}","{'52-WEEK', 'BAY AREA', 'SAN FRANCISCO', 'SEATTLE', 'NYC'}",3,Commercial Real Estate,7,"https://cardinalweekly.com/cbre-clarion-securities-has-lowered-its-enterprise-products-partners-l-epd-stake-by-1-73-million-argent-trust-company-has-trimmed-its-centene-cnc-position-by-413612-as-share-price-rose/,https://flecha123.com/2018/07/24/cbre-clarion-securities-decreased-its-magellan-midstream-partners-l-mmp-holding-last-week-dicerna-pharmaceuticals-inc-drna-analysts/,https://flecha123.com/2018/07/22/sarasin-profile-of-1-analysts-covering-halca%25C2%25B3n-resources-hk/,https://www.whatsonthorold.com/2018/07/01/cbre-clarion-securities-has-trimmed-antero-midstream-partners-lp-am-stake-by-657500-fort-lp-has-raised-juniper-networks-jnpr-position/,https://www.whatsonthorold.com/2018/06/26/daiwa-securities-group-has-lifted-cbre-group-cbg-stake-manor-road-capital-partners-lowered-its-prestige-brands-hldgs-pbh-position/,https://weekherald.com/2018/06/21/stratos-wealth-partners-ltd-purchases-new-holdings-in-cbre-group-cbre.html,https://stocknewsgazette.com/2018/07/11/financial-metrics-you-should-care-about-cbre-group-inc-cbre-bgc-partners-inc-bgcp/",
cbre,"{'THE HOME FOR GROWTH', 'COMFY', 'MICHAEL HORWITZ & COMPANY', 'ABOUT $20', 'NEWS CORP', 'CALEDON CAPITAL MANAGEMENT', 'ACQUISITION OF ATRIUM AS', 'MANAGEMENT FIRM', '£1.5 MILLION', 'ADVANCED TECHNOLOGY FOR COMMERCIAL REAL ESTATE', 'STOWGA', 'STATE AUTO LABS FUND', 'RACE PROPERTY', 'CHICAGO', ""ACQUIRE LONDON'S"", 'LEADING AUSTRALIAN HEALTHCARE PROJECT ADVISORY', 'FACILITYSOUTCE ENHANCE DELIVERY INTEGRATED SOLUTIONS', 'THE NATIONAL LEADER', '$12 MILLION', 'ACQUIRES FLOORED', 'LAST WEEK', '$10M', 'ACQUIRES TAX CREDIT GROUP', 'BRENNER REAL ESTATE GROUP', 'MATTERPORT', 'INC.'}","{'52-WEEK', 'BAY AREA', 'SAN FRANCISCO', 'SEATTLE', 'NYC'}",5,Commercial Real Estate,1,https://www.zacks.com/stock/news/308675/cbre-group-expands-in-israel-to-buy-stake-in-ramot-group,Ramot Group
jll,"{'TÉTRIS', 'MAKLARO', 'KENTUCKY', 'INVEST', 'AVENUE9', 'CMM PROJEKT & OFFICE SOLUTIONS', 'ASIA PACIFIC INTERIOR DESIGN PRACTICE', 'UK', 'CANADA', 'EXPAND', 'BIG RED ROOSTER', 'PORTUGAL', 'EXPERT HUNTLEY', 'SOUTHERN CALIFORNIA', '\xa0', 'MULLANEY, SPARGO & SULLIVAN, INC.', 'TRUSSARD PROPERTY CONSULTANTS', 'US$3.8 MILLION', 'USD 100MN', 'MARTIN POTTS & ASSOCIATES', 'U.S.', 'AVM PARTNERS', 'ACQUIRE TECHNOLOGY PIONEER CORRIGO', 'LEADING RETAIL ASSET MANAGEMENT BUSINESS', 'ACQUISITION OF', 'HARRY K. MOORE', 'IRELAND', 'COLLIERS INTERNATIONAL BALTIMORE', 'ZIPGRID', 'ACQUIRE BRAND', '500,000', 'LLC IN MID-ATLANTIC', 'RETAIL DESIGN COMPANY', 'GUARDIAN PROPERTY ASSET MANAGEMENT', 'VALUATIONS', 'GLOBAL CORPORATE OCCUPIERS BENCHMARKING BUSINESS', 'FINLAND', 'ACQUIRE LEADING WORKPLACE TECHNOLOGY', 'JONES LANG LASALLE', '$100 MILLION', 'HOTELS & HOSPITALITY GROUP', 'GERMANY', 'COBERTURA', 'OAK GROVE CAPITAL', 'SOUTH AFRICA', 'BILL GOOLD', 'IT CONSULTING', 'EXPERT WASHINGTON PARTNERS INC.', 'FRANCE', 'BLUU', 'TANSEI MALL MANAGEMENT CO., LTD.', 'FOYR', ""ACQUIRE MSCI'S""}",,3,Commercial Real Estate,4,"https://thecasualsmart.com/2018/07/19/jones-lang-lasalle-inc-jll-holder-paloma-partners-management-company-has-lowered-position-by-5-94-million-as-market-valuation-rose/,http://fanob.com/2018/07/19/paloma-partners-management-company-decreased-jones-lang-lasalle-inc-jll-position-by-5-94-million-as-stock-rose/,https://floridarecorder.com/2018/07/19/as-jones-lang-lasalle-inc-jll-stock-rose-paloma-partners-management-company-lowered-its-holding/,http://fanob.com/2018/06/30/paloma-partners-management-company-decreased-its-jones-lang-lasalle-inc-jll-stake-by-5-94-million-shares-rose/",
jll,"{'TÉTRIS', 'MAKLARO', 'KENTUCKY', 'INVEST', 'AVENUE9', 'CMM PROJEKT & OFFICE SOLUTIONS', 'ASIA PACIFIC INTERIOR DESIGN PRACTICE', 'UK', 'CANADA', 'EXPAND', 'BIG RED ROOSTER', 'PORTUGAL', 'EXPERT HUNTLEY', 'SOUTHERN CALIFORNIA', '\xa0', 'MULLANEY, SPARGO & SULLIVAN, INC.', 'TRUSSARD PROPERTY CONSULTANTS', 'US$3.8 MILLION', 'USD 100MN', 'MARTIN POTTS & ASSOCIATES', 'U.S.', 'AVM PARTNERS', 'ACQUIRE TECHNOLOGY PIONEER CORRIGO', 'LEADING RETAIL ASSET MANAGEMENT BUSINESS', 'ACQUISITION OF', 'HARRY K. MOORE', 'IRELAND', 'COLLIERS INTERNATIONAL BALTIMORE', 'ZIPGRID', 'ACQUIRE BRAND', '500,000', 'LLC IN MID-ATLANTIC', 'RETAIL DESIGN COMPANY', 'GUARDIAN PROPERTY ASSET MANAGEMENT', 'VALUATIONS', 'GLOBAL CORPORATE OCCUPIERS BENCHMARKING BUSINESS', 'FINLAND', 'ACQUIRE LEADING WORKPLACE TECHNOLOGY', 'JONES LANG LASALLE', '$100 MILLION', 'HOTELS & HOSPITALITY GROUP', 'GERMANY', 'COBERTURA', 'OAK GROVE CAPITAL', 'SOUTH AFRICA', 'BILL GOOLD', 'IT CONSULTING', 'EXPERT WASHINGTON PARTNERS INC.', 'FRANCE', 'BLUU', 'TANSEI MALL MANAGEMENT CO., LTD.', 'FOYR', ""ACQUIRE MSCI'S""}",,4,Commercial Real Estate,1,https://www.prnewswire.com/news-releases/jll-income-property-trust-invests-in-two-premier-apartment-communities-in-suburban-boston-300686615.html,The Tremont and The Huntington 
jll,"{'TÉTRIS', 'MAKLARO', 'KENTUCKY', 'INVEST', 'AVENUE9', 'CMM PROJEKT & OFFICE SOLUTIONS', 'ASIA PACIFIC INTERIOR DESIGN PRACTICE', 'UK', 'CANADA', 'EXPAND', 'BIG RED ROOSTER', 'PORTUGAL', 'EXPERT HUNTLEY', 'SOUTHERN CALIFORNIA', '\xa0', 'MULLANEY, SPARGO & SULLIVAN, INC.', 'TRUSSARD PROPERTY CONSULTANTS', 'US$3.8 MILLION', 'USD 100MN', 'MARTIN POTTS & ASSOCIATES', 'U.S.', 'AVM PARTNERS', 'ACQUIRE TECHNOLOGY PIONEER CORRIGO', 'LEADING RETAIL ASSET MANAGEMENT BUSINESS', 'ACQUISITION OF', 'HARRY K. MOORE', 'IRELAND', 'COLLIERS INTERNATIONAL BALTIMORE', 'ZIPGRID', 'ACQUIRE BRAND', '500,000', 'LLC IN MID-ATLANTIC', 'RETAIL DESIGN COMPANY', 'GUARDIAN PROPERTY ASSET MANAGEMENT', 'VALUATIONS', 'GLOBAL CORPORATE OCCUPIERS BENCHMARKING BUSINESS', 'FINLAND', 'ACQUIRE LEADING WORKPLACE TECHNOLOGY', 'JONES LANG LASALLE', '$100 MILLION', 'HOTELS & HOSPITALITY GROUP', 'GERMANY', 'COBERTURA', 'OAK GROVE CAPITAL', 'SOUTH AFRICA', 'BILL GOOLD', 'IT CONSULTING', 'EXPERT WASHINGTON PARTNERS INC.', 'FRANCE', 'BLUU', 'TANSEI MALL MANAGEMENT CO., LTD.', 'FOYR', ""ACQUIRE MSCI'S""}",,4,Digital Real Estate,1,https://translate.google.com/translate?hl=en&sl=de&u=https://www.maklaro.de/unternehmen/presse/erfolgreiche-finanzierungsrunde-jones-lang-lasalle-jll-unterstuetzt-maklaro-als-strategischer-investor&prev=search,Maklaro GMbH
jll,"{'TÉTRIS', 'MAKLARO', 'KENTUCKY', 'INVEST', 'AVENUE9', 'CMM PROJEKT & OFFICE SOLUTIONS', 'ASIA PACIFIC INTERIOR DESIGN PRACTICE', 'UK', 'CANADA', 'EXPAND', 'BIG RED ROOSTER', 'PORTUGAL', 'EXPERT HUNTLEY', 'SOUTHERN CALIFORNIA', '\xa0', 'MULLANEY, SPARGO & SULLIVAN, INC.', 'TRUSSARD PROPERTY CONSULTANTS', 'US$3.8 MILLION', 'USD 100MN', 'MARTIN POTTS & ASSOCIATES', 'U.S.', 'AVM PARTNERS', 'ACQUIRE TECHNOLOGY PIONEER CORRIGO', 'LEADING RETAIL ASSET MANAGEMENT BUSINESS', 'ACQUISITION OF', 'HARRY K. MOORE', 'IRELAND', 'COLLIERS INTERNATIONAL BALTIMORE', 'ZIPGRID', 'ACQUIRE BRAND', '500,000', 'LLC IN MID-ATLANTIC', 'RETAIL DESIGN COMPANY', 'GUARDIAN PROPERTY ASSET MANAGEMENT', 'VALUATIONS', 'GLOBAL CORPORATE OCCUPIERS BENCHMARKING BUSINESS', 'FINLAND', 'ACQUIRE LEADING WORKPLACE TECHNOLOGY', 'JONES LANG LASALLE', '$100 MILLION', 'HOTELS & HOSPITALITY GROUP', 'GERMANY', 'COBERTURA', 'OAK GROVE CAPITAL', 'SOUTH AFRICA', 'BILL GOOLD', 'IT CONSULTING', 'EXPERT WASHINGTON PARTNERS INC.', 'FRANCE', 'BLUU', 'TANSEI MALL MANAGEMENT CO., LTD.', 'FOYR', ""ACQUIRE MSCI'S""}",,4,Financial Technology,1,https://www.wsj.com/articles/jones-lang-lasalle-launches-venture-arm-with-100-million-1528198201,Jones
jll,"{'TÉTRIS', 'MAKLARO', 'KENTUCKY', 'INVEST', 'AVENUE9', 'CMM PROJEKT & OFFICE SOLUTIONS', 'ASIA PACIFIC INTERIOR DESIGN PRACTICE', 'UK', 'CANADA', 'EXPAND', 'BIG RED ROOSTER', 'PORTUGAL', 'EXPERT HUNTLEY', 'SOUTHERN CALIFORNIA', '\xa0', 'MULLANEY, SPARGO & SULLIVAN, INC.', 'TRUSSARD PROPERTY CONSULTANTS', 'US$3.8 MILLION', 'USD 100MN', 'MARTIN POTTS & ASSOCIATES', 'U.S.', 'AVM PARTNERS', 'ACQUIRE TECHNOLOGY PIONEER CORRIGO', 'LEADING RETAIL ASSET MANAGEMENT BUSINESS', 'ACQUISITION OF', 'HARRY K. MOORE', 'IRELAND', 'COLLIERS INTERNATIONAL BALTIMORE', 'ZIPGRID', 'ACQUIRE BRAND', '500,000', 'LLC IN MID-ATLANTIC', 'RETAIL DESIGN COMPANY', 'GUARDIAN PROPERTY ASSET MANAGEMENT', 'VALUATIONS', 'GLOBAL CORPORATE OCCUPIERS BENCHMARKING BUSINESS', 'FINLAND', 'ACQUIRE LEADING WORKPLACE TECHNOLOGY', 'JONES LANG LASALLE', '$100 MILLION', 'HOTELS & HOSPITALITY GROUP', 'GERMANY', 'COBERTURA', 'OAK GROVE CAPITAL', 'SOUTH AFRICA', 'BILL GOOLD', 'IT CONSULTING', 'EXPERT WASHINGTON PARTNERS INC.', 'FRANCE', 'BLUU', 'TANSEI MALL MANAGEMENT CO., LTD.', 'FOYR', ""ACQUIRE MSCI'S""}",,4,Housing Technology,1,http://jllapsites.com/real-estate-compass/2017/05/jll-1crowd-zipgrid/,Zipgrid
jll,"{'TÉTRIS', 'MAKLARO', 'KENTUCKY', 'INVEST', 'AVENUE9', 'CMM PROJEKT & OFFICE SOLUTIONS', 'ASIA PACIFIC INTERIOR DESIGN PRACTICE', 'UK', 'CANADA', 'EXPAND', 'BIG RED ROOSTER', 'PORTUGAL', 'EXPERT HUNTLEY', 'SOUTHERN CALIFORNIA', '\xa0', 'MULLANEY, SPARGO & SULLIVAN, INC.', 'TRUSSARD PROPERTY CONSULTANTS', 'US$3.8 MILLION', 'USD 100MN', 'MARTIN POTTS & ASSOCIATES', 'U.S.', 'AVM PARTNERS', 'ACQUIRE TECHNOLOGY PIONEER CORRIGO', 'LEADING RETAIL ASSET MANAGEMENT BUSINESS', 'ACQUISITION OF', 'HARRY K. MOORE', 'IRELAND', 'COLLIERS INTERNATIONAL BALTIMORE', 'ZIPGRID', 'ACQUIRE BRAND', '500,000', 'LLC IN MID-ATLANTIC', 'RETAIL DESIGN COMPANY', 'GUARDIAN PROPERTY ASSET MANAGEMENT', 'VALUATIONS', 'GLOBAL CORPORATE OCCUPIERS BENCHMARKING BUSINESS', 'FINLAND', 'ACQUIRE LEADING WORKPLACE TECHNOLOGY', 'JONES LANG LASALLE', '$100 MILLION', 'HOTELS & HOSPITALITY GROUP', 'GERMANY', 'COBERTURA', 'OAK GROVE CAPITAL', 'SOUTH AFRICA', 'BILL GOOLD', 'IT CONSULTING', 'EXPERT WASHINGTON PARTNERS INC.', 'FRANCE', 'BLUU', 'TANSEI MALL MANAGEMENT CO., LTD.', 'FOYR', ""ACQUIRE MSCI'S""}",,4,Interior Designer,1,http://www.ap.jll.com/asia-pacific/en-gb/news/435/a-funding-for-proptech-start-up-foyr,Foyr
jll,"{'TÉTRIS', 'MAKLARO', 'KENTUCKY', 'INVEST', 'AVENUE9', 'CMM PROJEKT & OFFICE SOLUTIONS', 'ASIA PACIFIC INTERIOR DESIGN PRACTICE', 'UK', 'CANADA', 'EXPAND', 'BIG RED ROOSTER', 'PORTUGAL', 'EXPERT HUNTLEY', 'SOUTHERN CALIFORNIA', '\xa0', 'MULLANEY, SPARGO & SULLIVAN, INC.', 'TRUSSARD PROPERTY CONSULTANTS', 'US$3.8 MILLION', 'USD 100MN', 'MARTIN POTTS & ASSOCIATES', 'U.S.', 'AVM PARTNERS', 'ACQUIRE TECHNOLOGY PIONEER CORRIGO', 'LEADING RETAIL ASSET MANAGEMENT BUSINESS', 'ACQUISITION OF', 'HARRY K. MOORE', 'IRELAND', 'COLLIERS INTERNATIONAL BALTIMORE', 'ZIPGRID', 'ACQUIRE BRAND', '500,000', 'LLC IN MID-ATLANTIC', 'RETAIL DESIGN COMPANY', 'GUARDIAN PROPERTY ASSET MANAGEMENT', 'VALUATIONS', 'GLOBAL CORPORATE OCCUPIERS BENCHMARKING BUSINESS', 'FINLAND', 'ACQUIRE LEADING WORKPLACE TECHNOLOGY', 'JONES LANG LASALLE', '$100 MILLION', 'HOTELS & HOSPITALITY GROUP', 'GERMANY', 'COBERTURA', 'OAK GROVE CAPITAL', 'SOUTH AFRICA', 'BILL GOOLD', 'IT CONSULTING', 'EXPERT WASHINGTON PARTNERS INC.', 'FRANCE', 'BLUU', 'TANSEI MALL MANAGEMENT CO., LTD.', 'FOYR', ""ACQUIRE MSCI'S""}",,4,Real Estate Tech,2,"http://rew-online.com/2018/07/25/55204/,https://www.fairfieldcurrent.com/2018/07/22/ifm-investors-pty-ltd-buys-new-stake-in-jones-lang-lasalle-inc-jll.html","Morgenstern Capital LLC,IFM Investors Pty Ltd "
jll,"{'TÉTRIS', 'MAKLARO', 'KENTUCKY', 'INVEST', 'AVENUE9', 'CMM PROJEKT & OFFICE SOLUTIONS', 'ASIA PACIFIC INTERIOR DESIGN PRACTICE', 'UK', 'CANADA', 'EXPAND', 'BIG RED ROOSTER', 'PORTUGAL', 'EXPERT HUNTLEY', 'SOUTHERN CALIFORNIA', '\xa0', 'MULLANEY, SPARGO & SULLIVAN, INC.', 'TRUSSARD PROPERTY CONSULTANTS', 'US$3.8 MILLION', 'USD 100MN', 'MARTIN POTTS & ASSOCIATES', 'U.S.', 'AVM PARTNERS', 'ACQUIRE TECHNOLOGY PIONEER CORRIGO', 'LEADING RETAIL ASSET MANAGEMENT BUSINESS', 'ACQUISITION OF', 'HARRY K. MOORE', 'IRELAND', 'COLLIERS INTERNATIONAL BALTIMORE', 'ZIPGRID', 'ACQUIRE BRAND', '500,000', 'LLC IN MID-ATLANTIC', 'RETAIL DESIGN COMPANY', 'GUARDIAN PROPERTY ASSET MANAGEMENT', 'VALUATIONS', 'GLOBAL CORPORATE OCCUPIERS BENCHMARKING BUSINESS', 'FINLAND', 'ACQUIRE LEADING WORKPLACE TECHNOLOGY', 'JONES LANG LASALLE', '$100 MILLION', 'HOTELS & HOSPITALITY GROUP', 'GERMANY', 'COBERTURA', 'OAK GROVE CAPITAL', 'SOUTH AFRICA', 'BILL GOOLD', 'IT CONSULTING', 'EXPERT WASHINGTON PARTNERS INC.', 'FRANCE', 'BLUU', 'TANSEI MALL MANAGEMENT CO., LTD.', 'FOYR', ""ACQUIRE MSCI'S""}",,4,Tech Consulting,1,https://www.business-standard.com/article/pti-stories/jll-s-arm-launches-usd-100mn-fund-to-invest-in-tech-start-ups-in-realty-sector-118060601232_1.html,JLL Spark
jll,"{'TÉTRIS', 'MAKLARO', 'KENTUCKY', 'INVEST', 'AVENUE9', 'CMM PROJEKT & OFFICE SOLUTIONS', 'ASIA PACIFIC INTERIOR DESIGN PRACTICE', 'UK', 'CANADA', 'EXPAND', 'BIG RED ROOSTER', 'PORTUGAL', 'EXPERT HUNTLEY', 'SOUTHERN CALIFORNIA', '\xa0', 'MULLANEY, SPARGO & SULLIVAN, INC.', 'TRUSSARD PROPERTY CONSULTANTS', 'US$3.8 MILLION', 'USD 100MN', 'MARTIN POTTS & ASSOCIATES', 'U.S.', 'AVM PARTNERS', 'ACQUIRE TECHNOLOGY PIONEER CORRIGO', 'LEADING RETAIL ASSET MANAGEMENT BUSINESS', 'ACQUISITION OF', 'HARRY K. MOORE', 'IRELAND', 'COLLIERS INTERNATIONAL BALTIMORE', 'ZIPGRID', 'ACQUIRE BRAND', '500,000', 'LLC IN MID-ATLANTIC', 'RETAIL DESIGN COMPANY', 'GUARDIAN PROPERTY ASSET MANAGEMENT', 'VALUATIONS', 'GLOBAL CORPORATE OCCUPIERS BENCHMARKING BUSINESS', 'FINLAND', 'ACQUIRE LEADING WORKPLACE TECHNOLOGY', 'JONES LANG LASALLE', '$100 MILLION', 'HOTELS & HOSPITALITY GROUP', 'GERMANY', 'COBERTURA', 'OAK GROVE CAPITAL', 'SOUTH AFRICA', 'BILL GOOLD', 'IT CONSULTING', 'EXPERT WASHINGTON PARTNERS INC.', 'FRANCE', 'BLUU', 'TANSEI MALL MANAGEMENT CO., LTD.', 'FOYR', ""ACQUIRE MSCI'S""}",,4,Venture Arm,1,https://www.wsj.com/articles/jones-lang-lasalle-launches-venture-arm-with-100-million-1528198201,JLL Spark
jll,"{'TÉTRIS', 'MAKLARO', 'KENTUCKY', 'INVEST', 'AVENUE9', 'CMM PROJEKT & OFFICE SOLUTIONS', 'ASIA PACIFIC INTERIOR DESIGN PRACTICE', 'UK', 'CANADA', 'EXPAND', 'BIG RED ROOSTER', 'PORTUGAL', 'EXPERT HUNTLEY', 'SOUTHERN CALIFORNIA', '\xa0', 'MULLANEY, SPARGO & SULLIVAN, INC.', 'TRUSSARD PROPERTY CONSULTANTS', 'US$3.8 MILLION', 'USD 100MN', 'MARTIN POTTS & ASSOCIATES', 'U.S.', 'AVM PARTNERS', 'ACQUIRE TECHNOLOGY PIONEER CORRIGO', 'LEADING RETAIL ASSET MANAGEMENT BUSINESS', 'ACQUISITION OF', 'HARRY K. MOORE', 'IRELAND', 'COLLIERS INTERNATIONAL BALTIMORE', 'ZIPGRID', 'ACQUIRE BRAND', '500,000', 'LLC IN MID-ATLANTIC', 'RETAIL DESIGN COMPANY', 'GUARDIAN PROPERTY ASSET MANAGEMENT', 'VALUATIONS', 'GLOBAL CORPORATE OCCUPIERS BENCHMARKING BUSINESS', 'FINLAND', 'ACQUIRE LEADING WORKPLACE TECHNOLOGY', 'JONES LANG LASALLE', '$100 MILLION', 'HOTELS & HOSPITALITY GROUP', 'GERMANY', 'COBERTURA', 'OAK GROVE CAPITAL', 'SOUTH AFRICA', 'BILL GOOLD', 'IT CONSULTING', 'EXPERT WASHINGTON PARTNERS INC.', 'FRANCE', 'BLUU', 'TANSEI MALL MANAGEMENT CO., LTD.', 'FOYR', ""ACQUIRE MSCI'S""}",,5,Architectural Services & Cloud based Software,1,http://www.marketwired.com/press-release/jll-acquires-cobertura-to-expand-its-prime-residential-business-in-portugal-nyse-jll-2086714.htm,Cobertura
jll,"{'TÉTRIS', 'MAKLARO', 'KENTUCKY', 'INVEST', 'AVENUE9', 'CMM PROJEKT & OFFICE SOLUTIONS', 'ASIA PACIFIC INTERIOR DESIGN PRACTICE', 'UK', 'CANADA', 'EXPAND', 'BIG RED ROOSTER', 'PORTUGAL', 'EXPERT HUNTLEY', 'SOUTHERN CALIFORNIA', '\xa0', 'MULLANEY, SPARGO & SULLIVAN, INC.', 'TRUSSARD PROPERTY CONSULTANTS', 'US$3.8 MILLION', 'USD 100MN', 'MARTIN POTTS & ASSOCIATES', 'U.S.', 'AVM PARTNERS', 'ACQUIRE TECHNOLOGY PIONEER CORRIGO', 'LEADING RETAIL ASSET MANAGEMENT BUSINESS', 'ACQUISITION OF', 'HARRY K. MOORE', 'IRELAND', 'COLLIERS INTERNATIONAL BALTIMORE', 'ZIPGRID', 'ACQUIRE BRAND', '500,000', 'LLC IN MID-ATLANTIC', 'RETAIL DESIGN COMPANY', 'GUARDIAN PROPERTY ASSET MANAGEMENT', 'VALUATIONS', 'GLOBAL CORPORATE OCCUPIERS BENCHMARKING BUSINESS', 'FINLAND', 'ACQUIRE LEADING WORKPLACE TECHNOLOGY', 'JONES LANG LASALLE', '$100 MILLION', 'HOTELS & HOSPITALITY GROUP', 'GERMANY', 'COBERTURA', 'OAK GROVE CAPITAL', 'SOUTH AFRICA', 'BILL GOOLD', 'IT CONSULTING', 'EXPERT WASHINGTON PARTNERS INC.', 'FRANCE', 'BLUU', 'TANSEI MALL MANAGEMENT CO., LTD.', 'FOYR', ""ACQUIRE MSCI'S""}",,5,Asset Management,1,http://www.us.jll.com/united-states/en-us/news/3767/jll-completes-acquisition-of-martin-potts-associates,Martin Potts & Associates
jll,"{'TÉTRIS', 'MAKLARO', 'KENTUCKY', 'INVEST', 'AVENUE9', 'CMM PROJEKT & OFFICE SOLUTIONS', 'ASIA PACIFIC INTERIOR DESIGN PRACTICE', 'UK', 'CANADA', 'EXPAND', 'BIG RED ROOSTER', 'PORTUGAL', 'EXPERT HUNTLEY', 'SOUTHERN CALIFORNIA', '\xa0', 'MULLANEY, SPARGO & SULLIVAN, INC.', 'TRUSSARD PROPERTY CONSULTANTS', 'US$3.8 MILLION', 'USD 100MN', 'MARTIN POTTS & ASSOCIATES', 'U.S.', 'AVM PARTNERS', 'ACQUIRE TECHNOLOGY PIONEER CORRIGO', 'LEADING RETAIL ASSET MANAGEMENT BUSINESS', 'ACQUISITION OF', 'HARRY K. MOORE', 'IRELAND', 'COLLIERS INTERNATIONAL BALTIMORE', 'ZIPGRID', 'ACQUIRE BRAND', '500,000', 'LLC IN MID-ATLANTIC', 'RETAIL DESIGN COMPANY', 'GUARDIAN PROPERTY ASSET MANAGEMENT', 'VALUATIONS', 'GLOBAL CORPORATE OCCUPIERS BENCHMARKING BUSINESS', 'FINLAND', 'ACQUIRE LEADING WORKPLACE TECHNOLOGY', 'JONES LANG LASALLE', '$100 MILLION', 'HOTELS & HOSPITALITY GROUP', 'GERMANY', 'COBERTURA', 'OAK GROVE CAPITAL', 'SOUTH AFRICA', 'BILL GOOLD', 'IT CONSULTING', 'EXPERT WASHINGTON PARTNERS INC.', 'FRANCE', 'BLUU', 'TANSEI MALL MANAGEMENT CO., LTD.', 'FOYR', ""ACQUIRE MSCI'S""}",,5,Commercial Services,3,"http://www.us.jll.com/united-states/en-us/news/4023/jll-expands-in-kentucky-with-acquisition-of-harry-k-moore,http://www.jll.eu/emea/en-gb/news/644/jll-aquires-avm-partners,https://www.crunchbase.com/organization/cmm-projekt-office-solutions-gmbh#section-overview","Harry K Moore,AVM Partners,CMM Projekt & Office Solutions GmbH "
jll,"{'TÉTRIS', 'MAKLARO', 'KENTUCKY', 'INVEST', 'AVENUE9', 'CMM PROJEKT & OFFICE SOLUTIONS', 'ASIA PACIFIC INTERIOR DESIGN PRACTICE', 'UK', 'CANADA', 'EXPAND', 'BIG RED ROOSTER', 'PORTUGAL', 'EXPERT HUNTLEY', 'SOUTHERN CALIFORNIA', '\xa0', 'MULLANEY, SPARGO & SULLIVAN, INC.', 'TRUSSARD PROPERTY CONSULTANTS', 'US$3.8 MILLION', 'USD 100MN', 'MARTIN POTTS & ASSOCIATES', 'U.S.', 'AVM PARTNERS', 'ACQUIRE TECHNOLOGY PIONEER CORRIGO', 'LEADING RETAIL ASSET MANAGEMENT BUSINESS', 'ACQUISITION OF', 'HARRY K. MOORE', 'IRELAND', 'COLLIERS INTERNATIONAL BALTIMORE', 'ZIPGRID', 'ACQUIRE BRAND', '500,000', 'LLC IN MID-ATLANTIC', 'RETAIL DESIGN COMPANY', 'GUARDIAN PROPERTY ASSET MANAGEMENT', 'VALUATIONS', 'GLOBAL CORPORATE OCCUPIERS BENCHMARKING BUSINESS', 'FINLAND', 'ACQUIRE LEADING WORKPLACE TECHNOLOGY', 'JONES LANG LASALLE', '$100 MILLION', 'HOTELS & HOSPITALITY GROUP', 'GERMANY', 'COBERTURA', 'OAK GROVE CAPITAL', 'SOUTH AFRICA', 'BILL GOOLD', 'IT CONSULTING', 'EXPERT WASHINGTON PARTNERS INC.', 'FRANCE', 'BLUU', 'TANSEI MALL MANAGEMENT CO., LTD.', 'FOYR', ""ACQUIRE MSCI'S""}",,5,Commercial Services(Legal Advice),1,http://www.jll.com/news/265/jll-acquires-acrest-a-leading-retail-asset-management-business-in-germany,Acrest
jll,"{'TÉTRIS', 'MAKLARO', 'KENTUCKY', 'INVEST', 'AVENUE9', 'CMM PROJEKT & OFFICE SOLUTIONS', 'ASIA PACIFIC INTERIOR DESIGN PRACTICE', 'UK', 'CANADA', 'EXPAND', 'BIG RED ROOSTER', 'PORTUGAL', 'EXPERT HUNTLEY', 'SOUTHERN CALIFORNIA', '\xa0', 'MULLANEY, SPARGO & SULLIVAN, INC.', 'TRUSSARD PROPERTY CONSULTANTS', 'US$3.8 MILLION', 'USD 100MN', 'MARTIN POTTS & ASSOCIATES', 'U.S.', 'AVM PARTNERS', 'ACQUIRE TECHNOLOGY PIONEER CORRIGO', 'LEADING RETAIL ASSET MANAGEMENT BUSINESS', 'ACQUISITION OF', 'HARRY K. MOORE', 'IRELAND', 'COLLIERS INTERNATIONAL BALTIMORE', 'ZIPGRID', 'ACQUIRE BRAND', '500,000', 'LLC IN MID-ATLANTIC', 'RETAIL DESIGN COMPANY', 'GUARDIAN PROPERTY ASSET MANAGEMENT', 'VALUATIONS', 'GLOBAL CORPORATE OCCUPIERS BENCHMARKING BUSINESS', 'FINLAND', 'ACQUIRE LEADING WORKPLACE TECHNOLOGY', 'JONES LANG LASALLE', '$100 MILLION', 'HOTELS & HOSPITALITY GROUP', 'GERMANY', 'COBERTURA', 'OAK GROVE CAPITAL', 'SOUTH AFRICA', 'BILL GOOLD', 'IT CONSULTING', 'EXPERT WASHINGTON PARTNERS INC.', 'FRANCE', 'BLUU', 'TANSEI MALL MANAGEMENT CO., LTD.', 'FOYR', ""ACQUIRE MSCI'S""}",,5,Consulting Services (Adversiting and Marketing),1,http://www.marketwired.com/press-release/jll-acquires-procofin-expanding-its-platform-in-finland-nyse-jll-2130074.htm,Procofin
jll,"{'TÉTRIS', 'MAKLARO', 'KENTUCKY', 'INVEST', 'AVENUE9', 'CMM PROJEKT & OFFICE SOLUTIONS', 'ASIA PACIFIC INTERIOR DESIGN PRACTICE', 'UK', 'CANADA', 'EXPAND', 'BIG RED ROOSTER', 'PORTUGAL', 'EXPERT HUNTLEY', 'SOUTHERN CALIFORNIA', '\xa0', 'MULLANEY, SPARGO & SULLIVAN, INC.', 'TRUSSARD PROPERTY CONSULTANTS', 'US$3.8 MILLION', 'USD 100MN', 'MARTIN POTTS & ASSOCIATES', 'U.S.', 'AVM PARTNERS', 'ACQUIRE TECHNOLOGY PIONEER CORRIGO', 'LEADING RETAIL ASSET MANAGEMENT BUSINESS', 'ACQUISITION OF', 'HARRY K. MOORE', 'IRELAND', 'COLLIERS INTERNATIONAL BALTIMORE', 'ZIPGRID', 'ACQUIRE BRAND', '500,000', 'LLC IN MID-ATLANTIC', 'RETAIL DESIGN COMPANY', 'GUARDIAN PROPERTY ASSET MANAGEMENT', 'VALUATIONS', 'GLOBAL CORPORATE OCCUPIERS BENCHMARKING BUSINESS', 'FINLAND', 'ACQUIRE LEADING WORKPLACE TECHNOLOGY', 'JONES LANG LASALLE', '$100 MILLION', 'HOTELS & HOSPITALITY GROUP', 'GERMANY', 'COBERTURA', 'OAK GROVE CAPITAL', 'SOUTH AFRICA', 'BILL GOOLD', 'IT CONSULTING', 'EXPERT WASHINGTON PARTNERS INC.', 'FRANCE', 'BLUU', 'TANSEI MALL MANAGEMENT CO., LTD.', 'FOYR', ""ACQUIRE MSCI'S""}",,5,Engineering & Construction,2,"http://www.us.jll.com/united-states/en-us/news/4064/jll-to-acquire-leading-workplace-technology-and-management-firm-brg,http://www.us.jll.com/united-states/en-us/news/3882/jll-acquires-seattle-leasing-expert-washington-partners-inc","BRG,Washington Partners LLC"
jll,"{'TÉTRIS', 'MAKLARO', 'KENTUCKY', 'INVEST', 'AVENUE9', 'CMM PROJEKT & OFFICE SOLUTIONS', 'ASIA PACIFIC INTERIOR DESIGN PRACTICE', 'UK', 'CANADA', 'EXPAND', 'BIG RED ROOSTER', 'PORTUGAL', 'EXPERT HUNTLEY', 'SOUTHERN CALIFORNIA', '\xa0', 'MULLANEY, SPARGO & SULLIVAN, INC.', 'TRUSSARD PROPERTY CONSULTANTS', 'US$3.8 MILLION', 'USD 100MN', 'MARTIN POTTS & ASSOCIATES', 'U.S.', 'AVM PARTNERS', 'ACQUIRE TECHNOLOGY PIONEER CORRIGO', 'LEADING RETAIL ASSET MANAGEMENT BUSINESS', 'ACQUISITION OF', 'HARRY K. MOORE', 'IRELAND', 'COLLIERS INTERNATIONAL BALTIMORE', 'ZIPGRID', 'ACQUIRE BRAND', '500,000', 'LLC IN MID-ATLANTIC', 'RETAIL DESIGN COMPANY', 'GUARDIAN PROPERTY ASSET MANAGEMENT', 'VALUATIONS', 'GLOBAL CORPORATE OCCUPIERS BENCHMARKING BUSINESS', 'FINLAND', 'ACQUIRE LEADING WORKPLACE TECHNOLOGY', 'JONES LANG LASALLE', '$100 MILLION', 'HOTELS & HOSPITALITY GROUP', 'GERMANY', 'COBERTURA', 'OAK GROVE CAPITAL', 'SOUTH AFRICA', 'BILL GOOLD', 'IT CONSULTING', 'EXPERT WASHINGTON PARTNERS INC.', 'FRANCE', 'BLUU', 'TANSEI MALL MANAGEMENT CO., LTD.', 'FOYR', ""ACQUIRE MSCI'S""}",,5,Finance ,1,http://www.us.jll.com/united-states/en-us/news/3423/jll-acquires-retail-brokerage-firm-wilson-retail-group-in-southern-california,Wilson Retail Group
jll,"{'TÉTRIS', 'MAKLARO', 'KENTUCKY', 'INVEST', 'AVENUE9', 'CMM PROJEKT & OFFICE SOLUTIONS', 'ASIA PACIFIC INTERIOR DESIGN PRACTICE', 'UK', 'CANADA', 'EXPAND', 'BIG RED ROOSTER', 'PORTUGAL', 'EXPERT HUNTLEY', 'SOUTHERN CALIFORNIA', '\xa0', 'MULLANEY, SPARGO & SULLIVAN, INC.', 'TRUSSARD PROPERTY CONSULTANTS', 'US$3.8 MILLION', 'USD 100MN', 'MARTIN POTTS & ASSOCIATES', 'U.S.', 'AVM PARTNERS', 'ACQUIRE TECHNOLOGY PIONEER CORRIGO', 'LEADING RETAIL ASSET MANAGEMENT BUSINESS', 'ACQUISITION OF', 'HARRY K. MOORE', 'IRELAND', 'COLLIERS INTERNATIONAL BALTIMORE', 'ZIPGRID', 'ACQUIRE BRAND', '500,000', 'LLC IN MID-ATLANTIC', 'RETAIL DESIGN COMPANY', 'GUARDIAN PROPERTY ASSET MANAGEMENT', 'VALUATIONS', 'GLOBAL CORPORATE OCCUPIERS BENCHMARKING BUSINESS', 'FINLAND', 'ACQUIRE LEADING WORKPLACE TECHNOLOGY', 'JONES LANG LASALLE', '$100 MILLION', 'HOTELS & HOSPITALITY GROUP', 'GERMANY', 'COBERTURA', 'OAK GROVE CAPITAL', 'SOUTH AFRICA', 'BILL GOOLD', 'IT CONSULTING', 'EXPERT WASHINGTON PARTNERS INC.', 'FRANCE', 'BLUU', 'TANSEI MALL MANAGEMENT CO., LTD.', 'FOYR', ""ACQUIRE MSCI'S""}",,5,Information Technology,2,"http://www.marketwired.com/press-release/jll-acquires-engineering-design-business-cth-in-france-nyse-jll-2120808.htm,http://www.jll.com/news/269/jll-acquires-bill-goold-realty-to-expand-multifamily-investment-platform-in-canada","CTH,Bill Goold Realty"
jll,"{'TÉTRIS', 'MAKLARO', 'KENTUCKY', 'INVEST', 'AVENUE9', 'CMM PROJEKT & OFFICE SOLUTIONS', 'ASIA PACIFIC INTERIOR DESIGN PRACTICE', 'UK', 'CANADA', 'EXPAND', 'BIG RED ROOSTER', 'PORTUGAL', 'EXPERT HUNTLEY', 'SOUTHERN CALIFORNIA', '\xa0', 'MULLANEY, SPARGO & SULLIVAN, INC.', 'TRUSSARD PROPERTY CONSULTANTS', 'US$3.8 MILLION', 'USD 100MN', 'MARTIN POTTS & ASSOCIATES', 'U.S.', 'AVM PARTNERS', 'ACQUIRE TECHNOLOGY PIONEER CORRIGO', 'LEADING RETAIL ASSET MANAGEMENT BUSINESS', 'ACQUISITION OF', 'HARRY K. MOORE', 'IRELAND', 'COLLIERS INTERNATIONAL BALTIMORE', 'ZIPGRID', 'ACQUIRE BRAND', '500,000', 'LLC IN MID-ATLANTIC', 'RETAIL DESIGN COMPANY', 'GUARDIAN PROPERTY ASSET MANAGEMENT', 'VALUATIONS', 'GLOBAL CORPORATE OCCUPIERS BENCHMARKING BUSINESS', 'FINLAND', 'ACQUIRE LEADING WORKPLACE TECHNOLOGY', 'JONES LANG LASALLE', '$100 MILLION', 'HOTELS & HOSPITALITY GROUP', 'GERMANY', 'COBERTURA', 'OAK GROVE CAPITAL', 'SOUTH AFRICA', 'BILL GOOLD', 'IT CONSULTING', 'EXPERT WASHINGTON PARTNERS INC.', 'FRANCE', 'BLUU', 'TANSEI MALL MANAGEMENT CO., LTD.', 'FOYR', ""ACQUIRE MSCI'S""}",,5,Real Estate,22,"http://www.jll.com.au/australia/en-au/news/1134/jll-makes-two-new-acquisitions-to-bolster-its-valuations-and-advisory-business,http://www.jll.com.au/australia/en-au/news/1134/jll-makes-two-new-acquisitions-to-bolster-its-valuations-and-advisory-business,http://www.us.jll.com/united-states/en-us/news/4235/jll-acquires-compliance-technology-innovator-atg,https://www.bakermckenzie.com/en/newsroom/2016/08/jll-acquires-pdm-international/,http://www.us.jll.com/united-states/en-us/news/4107/jll-completes-acquisition-of-travis-commercial-real-estate-services,https://finance.yahoo.com/news/jll-acquires-sage-capital-advisors-125716642.html,http://ir.jll.com/phoenix.zhtml?c=81245&p=irol-newsArticle&ID=2180528,http://www.jll.eu/emea/en-gb/news/721/jll-completes-acquisition-of-integral,http://ir.jll.com/phoenix.zhtml?c=81245&p=irol-newsArticle&ID=2154674,http://www.us.jll.com/united-states/en-us/news/3877/jll-acquire-retail-lease-and-debt-restructuring-expert-huntley-mullaney-spargo-sullivan-inc,http://www.jll.co.za/south-africa/en-gb/news/209/jll-acquires-trussard-property-consultants,http://bigredrooster.com/fueling-momentum-and-growth-with-jll/,http://www.jll.com/news/261/jll-to-acquire-technology-pioneer-corrigo,http://www.baltimoresun.com/business/bs-bz-jll-colliers-20151201-story.html,http://www.jll.eu/emea/en-gb/news/668/jll-acquires-avenue9-add-it-consuting-to-hotels-and-hospitality,http://www.jll.com/news/258/jll-expands-residential-services-to-ireland-with-acquisition-of-guardian-property-asset-management,http://www.us.jll.com/united-states/en-us/news/3587/jll-to-acquire-us-multifamily-finance-provider-oak-grove-capital,http://www.jll.co.uk/united-kingdom/en-gb/news/2261/jll-tetris-bluu-design-fitout-aquisition-occupierservices,http://www.us.jll.com/united-states/en-us/news/3565/jll-completes-acquisition-of-shelter-bay-retail-group,http://www.jll.com.au/australia/en-au/services/corporates-occupiers/facility-management/five-d,http://www.us.jll.com/united-states/en-us/news/3420/jll-expands-operational-efficiency-services-for-clients,https://www.crunchbase.com/acquisition/jones-lang-lasalle-acquires-tansei-mall-management-co-ltd--238a8548","JLL Spark,Maloney Field Services,Advanced Technologies Group,PDM International,Travis Commercial Real Estate Services,Sage Capital,MSCI's Global Occupiers,Integral UK,Veronique Nocquet ,Huntley, Mullaney, Spargo & Sullivan,Trussard Property Consultants,Big Red Rooster,Corrigo,Colliers Baltimore,Avenue9,Guardian Property Asset Management,Oak Grove Commercial Mortgage,Bluu Solutions,Shelter Bay Retail Group,Five D Holdings Pty Limited,Hunter Facilities Management,Tansei Mall Management Co."
jll,"{'TÉTRIS', 'MAKLARO', 'KENTUCKY', 'INVEST', 'AVENUE9', 'CMM PROJEKT & OFFICE SOLUTIONS', 'ASIA PACIFIC INTERIOR DESIGN PRACTICE', 'UK', 'CANADA', 'EXPAND', 'BIG RED ROOSTER', 'PORTUGAL', 'EXPERT HUNTLEY', 'SOUTHERN CALIFORNIA', '\xa0', 'MULLANEY, SPARGO & SULLIVAN, INC.', 'TRUSSARD PROPERTY CONSULTANTS', 'US$3.8 MILLION', 'USD 100MN', 'MARTIN POTTS & ASSOCIATES', 'U.S.', 'AVM PARTNERS', 'ACQUIRE TECHNOLOGY PIONEER CORRIGO', 'LEADING RETAIL ASSET MANAGEMENT BUSINESS', 'ACQUISITION OF', 'HARRY K. MOORE', 'IRELAND', 'COLLIERS INTERNATIONAL BALTIMORE', 'ZIPGRID', 'ACQUIRE BRAND', '500,000', 'LLC IN MID-ATLANTIC', 'RETAIL DESIGN COMPANY', 'GUARDIAN PROPERTY ASSET MANAGEMENT', 'VALUATIONS', 'GLOBAL CORPORATE OCCUPIERS BENCHMARKING BUSINESS', 'FINLAND', 'ACQUIRE LEADING WORKPLACE TECHNOLOGY', 'JONES LANG LASALLE', '$100 MILLION', 'HOTELS & HOSPITALITY GROUP', 'GERMANY', 'COBERTURA', 'OAK GROVE CAPITAL', 'SOUTH AFRICA', 'BILL GOOLD', 'IT CONSULTING', 'EXPERT WASHINGTON PARTNERS INC.', 'FRANCE', 'BLUU', 'TANSEI MALL MANAGEMENT CO., LTD.', 'FOYR', ""ACQUIRE MSCI'S""}",,5,Real Estate Tech,1,https://www.forbes.com/sites/amitchowdhry/2018/03/27/jll-spark-buys-stessa/#2bbeaf8a1317,Stessa
jll,"{'TÉTRIS', 'MAKLARO', 'KENTUCKY', 'INVEST', 'AVENUE9', 'CMM PROJEKT & OFFICE SOLUTIONS', 'ASIA PACIFIC INTERIOR DESIGN PRACTICE', 'UK', 'CANADA', 'EXPAND', 'BIG RED ROOSTER', 'PORTUGAL', 'EXPERT HUNTLEY', 'SOUTHERN CALIFORNIA', '\xa0', 'MULLANEY, SPARGO & SULLIVAN, INC.', 'TRUSSARD PROPERTY CONSULTANTS', 'US$3.8 MILLION', 'USD 100MN', 'MARTIN POTTS & ASSOCIATES', 'U.S.', 'AVM PARTNERS', 'ACQUIRE TECHNOLOGY PIONEER CORRIGO', 'LEADING RETAIL ASSET MANAGEMENT BUSINESS', 'ACQUISITION OF', 'HARRY K. MOORE', 'IRELAND', 'COLLIERS INTERNATIONAL BALTIMORE', 'ZIPGRID', 'ACQUIRE BRAND', '500,000', 'LLC IN MID-ATLANTIC', 'RETAIL DESIGN COMPANY', 'GUARDIAN PROPERTY ASSET MANAGEMENT', 'VALUATIONS', 'GLOBAL CORPORATE OCCUPIERS BENCHMARKING BUSINESS', 'FINLAND', 'ACQUIRE LEADING WORKPLACE TECHNOLOGY', 'JONES LANG LASALLE', '$100 MILLION', 'HOTELS & HOSPITALITY GROUP', 'GERMANY', 'COBERTURA', 'OAK GROVE CAPITAL', 'SOUTH AFRICA', 'BILL GOOLD', 'IT CONSULTING', 'EXPERT WASHINGTON PARTNERS INC.', 'FRANCE', 'BLUU', 'TANSEI MALL MANAGEMENT CO., LTD.', 'FOYR', ""ACQUIRE MSCI'S""}",,5,Valuation and Consultancy Services ,1,http://www.jll.com.au/australia/en-au/news/1134/jll-makes-two-new-acquisitions-to-bolster-its-valuations-and-advisory-business,Australian Valuation Services
newmark group,"{'$44.70 MILLION', 'DIS', 'WALT DISNEY CO',  'SHW', '$69.40 MILLION', 'BGC PARTNERS', 'HOLDER SHIKIAR ASSET MANAGEMENT INCREASED POSITION; SUSTAINABLE GROWTH ADVISERS LP STAKE', 'RATING RECONFIRMED AT CITIGROUP', 'AVIVA PLC RAISED POSITION', 'HOLDING HAS RAISED', 'STI', 'NASDAQ', 'SHERWIN WILLIAMS CO', '$22.32 MILLION', 'DOHENY ASSET MANAGEMENT', 'BGCP', 'BGC PARTNERS, INC.', 'ENTRY', 'PARAGON BANKING GROUP (LON'}",,3,Commercial Real Estate,5,"https://bzweekly.com/2018/06/24/b-g-c-partners-class-a-bgcp-holding-has-raised-by-doheny-asset-management-aviva-plc-raised-position-in-sherwin-williams-co-shw-by-22-32-million/,http://www.unwir3d.com/2018/06/22/paragon-banking-group-lonpag-stock-buy-rating-reconfirmed-at-citigroup-the-tp-is-gbx-650-00-bgc-partners-has-1-49-sentiment/,https://bzweekly.com/2018/06/21/bgc-partners-bgcp-holder-shikiar-asset-management-increased-position-sustainable-growth-advisers-lp-stake-in-walt-disney-co-the-dis-has-lifted-as-stock-value-declined/,https://heraldks.com/west-oak-capital-increased-suntrust-banks-sti-stake-by-69-40-million-bgc-partners-bgcp-sentiment-is-1-55/,https://marketexclusive.com/bgc-partners-inc-nasdaqbgcp-files-an-8-k-entry-into-a-material-definitive-agreement-6/2018/06/","nan,nan,nan,nan,nan"
newmark group,"{'$44.70 MILLION', 'DIS', 'WALT DISNEY CO',  'SHW', '$69.40 MILLION', 'BGC PARTNERS', 'HOLDER SHIKIAR ASSET MANAGEMENT INCREASED POSITION; SUSTAINABLE GROWTH ADVISERS LP STAKE', 'RATING RECONFIRMED AT CITIGROUP', 'AVIVA PLC RAISED POSITION', 'HOLDING HAS RAISED', 'STI', 'NASDAQ', 'SHERWIN WILLIAMS CO', '$22.32 MILLION', 'DOHENY ASSET MANAGEMENT', 'BGCP', 'BGC PARTNERS, INC.', 'ENTRY', 'PARAGON BANKING GROUP (LON'}",,4,Commercial Real Estate,1,https://www.mareainformativa.com/2018/07/11/blackrock-inc-invests-44-70-million-in-newmark-group-inc-nmrk.html,Blackrock
cushman & wakefield,"{'FLORIDA', 'TAYLOR & MATHIS', '$5 MILLION', 'VIC MANAGEMENT INC.'}",,2,Commercial Real Estate,3,"http://swindon-business.net/index.php/2018/07/05/healthcare-expansion-for-cushman-wakefield-in-south-west-with-senior-surveyor-appointment/,https://www.businessleader.co.uk/cushman-wakefields-healthcare-team-continues-expansion/47615/,https://www.rejournals.com/articles/2018/07/10/cushman-wakefield-represents-crowe-in-office-lea",
cushman & wakefield,"{'FLORIDA', 'TAYLOR & MATHIS', '$5 MILLION', 'VIC MANAGEMENT INC.'}",,3,Commercial Real Estate,1,https://www.property-magazine.eu/cushman-wakefield-appoints-adam-cookson-as-partner-48299.html,
cushman & wakefield,"{'FLORIDA', 'TAYLOR & MATHIS', '$5 MILLION', 'VIC MANAGEMENT INC.'}",,4,Commercial Real Estate,1,https://techcrunch.com/2018/03/08/this-startup-just-raised-5-million-to-automate-the-clunky-real-estate-appraisal-process/,Bowery Valuation
cushman & wakefield,"{'FLORIDA', 'TAYLOR & MATHIS', '$5 MILLION', 'VIC MANAGEMENT INC.'}",,5,Facility Management,1,https://www.energymanagertoday.com/cushman-wakefield-acquires-ensite-solutions-0128392/,Ensite Solutions
cushman & wakefield,"{'FLORIDA', 'TAYLOR & MATHIS', '$5 MILLION', 'VIC MANAGEMENT INC.'}",,5,Real Estate,4,"https://www.businesswire.com/news/home/20180719005971/en/Cushman-Wakefield-Acquires-Australia,https://www.cpexecutive.com/post/cushman-wakefield-to-buy-irish-affiliate/,https://www.bisnow.com/toronto/news/commercial-real-estate/cushman-wakefield-acquires-20-vic-management-inc-77860,http://www.floridatrend.com/article/20480/cushman-wakefield-acquires-taylor-mathis-of-florida","RE Australia,Sherry FitzGerald Group,20VIC Management,Taylor & Mathis"
colliers,"{'ACQUIRE WELSHCO LLC', ""BEGGS & SIMPSON'S"", 'IRWIN PARTNERS', 'CIGI', 'HATTON REAL ESTATE', 'NAI NORRIS', 'IRWIN SAVIERS BALLARD', 'VAAKA PARTNERS', 'OVENIA', 'NETHERLANDS', 'LONDON', 'UTAH', 'VISION ASSET MANAGEMENT', 'WALKER COMPANIES'}",,5,Asset Management/Consulting,1,https://www.thecaterer.com/articles/493708/colliers-international-acquires-vision-asset-management,Vision Asset Management Co.
colliers,"{'ACQUIRE WELSHCO LLC', ""BEGGS & SIMPSON'S"", 'IRWIN PARTNERS', 'CIGI', 'HATTON REAL ESTATE', 'NAI NORRIS', 'IRWIN SAVIERS BALLARD', 'VAAKA PARTNERS', 'OVENIA', 'NETHERLANDS', 'LONDON', 'UTAH', 'VISION ASSET MANAGEMENT', 'WALKER COMPANIES'}",,5,Commercial Real Estate,1,https://realdeals.eu.com/news/2018/01/05/vaaka-partners-ovenia/,Ovenia
colliers,"{'ACQUIRE WELSHCO LLC', ""BEGGS & SIMPSON'S"", 'IRWIN PARTNERS', 'CIGI', 'HATTON REAL ESTATE', 'NAI NORRIS', 'IRWIN SAVIERS BALLARD', 'VAAKA PARTNERS', 'OVENIA', 'NETHERLANDS', 'LONDON', 'UTAH', 'VISION ASSET MANAGEMENT', 'WALKER COMPANIES'}",,5,Real Estate,15,"https://corporate.colliers.com/en/Newsroom/Colliers-International-acquires-dominant-market-leader-in-Utah,http://www.grbj.com/articles/90101-real-estate-company-acquiring-firm,https://talkbusiness.net/2018/01/colliers-international-arkansas-acquires-irwin-saviers-ballard/,https://www.bisnow.com/washington-dc/news/commercial-real-estate/colliers-acquires-serten-advisors-to-grow-dc-presence-80488,http://www.arkansasbusiness.com/article/118818/colliers-international-arkansas-merges-with-irwin-partners,https://www.streetinsider.com/Corporate+News/Colliers+International+%28CIGI%29+to+Acquire+WelshCo+LLC/12737558.html,https://www.reuters.com/article/idUSFWN1EV0O2,http://www.colliers.com/en-gb/uk/insights/property-news/2016/1011-colliers-international-acquires-market-leading-building-consultancy-specialist,http://www.colliers.com/en-gb/emea/insights/market-news/2016/16-02-2016-colliers-acquires-leading-property-management-specialist,https://www.bisnow.com/toronto/news/office/colliers-international-acquires-groupe-immobilier-54460,http://www.colliers.com/en-gb/uk/insights/property-news/2016/0107-colliers-international-acquires-leading-london-property-specialist-hatton-real-estate,https://www.bizjournals.com/portland/blog/real-estate-daily/2015/12/colliers-international-acquires-nai-norris-beggs.html,https://corporate.colliers.com/en/Newsroom/Colliers-International-Acquires-Pointe-Group-Advisors,https://www.prnewswire.com/news-releases/colliers-international-acquires-case-commercial-real-estate-partners-300076233.html,https://www.prnewswire.com/news-releases/colliers-international-acquires-corporate-portfolio-analytics-300037811.html","CBC Advisors,Beacon Realty Group,Irwin Saviers Ballard,Serten Advisors,Irwin Partners,WelshCo,The Walker Co,Bolling Group,WPM Group,Groupe Immobilier ,Hatton Real Estate,NAI Norris, Beggs & Simpson,Pointe Group Advisors,CASE Commercial Real Estate Partners LLC,Corporate Portfolio Analytics"
hff,"{'$2.49 MILLION', 'MARKET VALUATION DECLINED WHILE', 'WABCO HLDGS',  'FPR PARTNERS UPPED POSITION', 'LONDON', 'NEW YORK CITY', '$16.21 MILLION'}",,3,Commercial Real Estate,4,"https://cardinalweekly.com/new-amsterdam-partners-has-cut-by-2-49-million-its-hff-cl-a-hf-position-new-generation-advisors-has-increased-its-sanchez-energy-sn-position/,https://flecha123.com/2018/07/17/copper-rock-capital-partners-has-cut-holding-in-hff-hf-as-valuation-declined-greenbrier-partners-capital-management-position-in-pulte-group-phm-decreased-by-5-80-million/,https://www.whatsonthorold.com/2018/06/29/copper-rock-capital-partners-lowered-hff-hf-position-hawaiian-holdings-inc-ha-had-2-bullish-analysts/,https://heraldks.com/kayne-anderson-rudnick-investment-management-boosted-its-hff-hf-stake-by-16-21-million-wabco-hldgs-wbc-market-valuation-declined-while-fpr-partners-upped-position/",
hff,"{'$2.49 MILLION', 'MARKET VALUATION DECLINED WHILE', 'WABCO HLDGS',  'FPR PARTNERS UPPED POSITION', 'LONDON', 'NEW YORK CITY', '$16.21 MILLION'}",,5,"Financial Advisory Services,investment banking advisory firm for REITs ",1,https://www.businesswire.com/news/home/20170329005824/en/HFF-Acquires-Hentschel-Company-New-York-City,Hentschel & Co.
hff,"{'$2.49 MILLION', 'MARKET VALUATION DECLINED WHILE', 'WABCO HLDGS',  'FPR PARTNERS UPPED POSITION', 'LONDON', 'NEW YORK CITY', '$16.21 MILLION'}",,5,Real Estate Advisory Firm,1,https://www.businesswire.com/news/home/20170119005995/en/HFF-Completes-Acquisition-Leon-Partners-London,Leon Partners Ltd
commercial real estate,"{'1,700', 'RS', 'MARLOW HOTEL GROUP', '$16.5 MILLION', 'GURUGRAM', 'PEACHTREE HOTEL'}",,3,Commercial Real Estate,1,https://www.rgj.com/story/money/business/2018/06/06/commercial-real-estate-relationship-business-and-then-some/679466002/,
commercial real estate,"{'1,700', 'RS', 'MARLOW HOTEL GROUP', '$16.5 MILLION', 'GURUGRAM', 'PEACHTREE HOTEL'}",,4,Commercial Real Estate,2,"https://timesofindia.indiatimes.com/business/india-business/brahma-group-to-invest-rs-1700-cr-in-commercial-project-at-gurugram/articleshow/64748258.cms,https://www.thinkadvisor.com/2018/07/09/collateralized-loan-obligations-are-a-new-to-inves/",
commercial real estate,"{'1,700', 'RS', 'MARLOW HOTEL GROUP', '$16.5 MILLION', 'GURUGRAM', 'PEACHTREE HOTEL'}",,4,Real Estate,1,https://in.reuters.com/article/us-greece-property-fund/dromeus-launches-new-fund-to-invest-in-greek-commercial-real-estate-idINKBN1JE0MF%3Fil%3D0,
commercial real estate,"{'1,700', 'RS', 'MARLOW HOTEL GROUP', '$16.5 MILLION', 'GURUGRAM', 'PEACHTREE HOTEL'}",,5,Commercial Real Estate,1,https://www.commercialrealestate.com.au/news/marlow-hotel-group-buys-peachtree-hotel-in-penrith-for-16-5-million/,
marcus & millichap,"{'SCOTT COOK', 'GOODWATER CAPITAL', 'CLEVELAND', 'FOXHAVEN ASSET MANAGEMENT', 'OHIO', 'KLEINER PERKINS CAUFIELD & BYERS', 'PINNACLE FINANCIAL GROUP, INC.', 'ZUMPER', 'PINNACLE', 'MMI', 'U.S.', 'BREYER CAPITAL', 'NYSE', 'MIDWEST', '$17.6 MILLION', 'KPCB'}",,2,Real Estate,1,https://brookvilletimes.com/time-to-buy-marcus-millichap-inc-0-05960-and-solid-biosciences-inc-0-01200s-roic-under-the-lens/,
marcus & millichap,"{'SCOTT COOK', 'GOODWATER CAPITAL', 'CLEVELAND', 'FOXHAVEN ASSET MANAGEMENT', 'OHIO', 'KLEINER PERKINS CAUFIELD & BYERS', 'PINNACLE FINANCIAL GROUP, INC.', 'ZUMPER', 'PINNACLE', 'MMI', 'U.S.', 'BREYER CAPITAL', 'NYSE', 'MIDWEST', '$17.6 MILLION', 'KPCB'}",,3,Commercial Real Estate,2,"https://www.fairfieldcurrent.com/2018/07/24/reinhart-partners-inc-boosts-holdings-in-marcus-millichap-inc-mmi.html,https://www.fairfieldcurrent.com/2018/07/24/reinhart-partners-inc-boosts-holdings-in-marcus-millichap-inc-mmi.html",
marcus & millichap,"{'SCOTT COOK', 'GOODWATER CAPITAL', 'CLEVELAND', 'FOXHAVEN ASSET MANAGEMENT', 'OHIO', 'KLEINER PERKINS CAUFIELD & BYERS', 'PINNACLE FINANCIAL GROUP, INC.', 'ZUMPER', 'PINNACLE', 'MMI', 'U.S.', 'BREYER CAPITAL', 'NYSE', 'MIDWEST', '$17.6 MILLION', 'KPCB'}",,4,Commercial Real Estate,1,https://pressoracle.com/2018/07/25/7700-shares-in-marcus-millichap-inc-mmi-acquired-by-campbell-co-investment-adviser-llc.html,Campbell Investors
marcus & millichap,"{'SCOTT COOK', 'GOODWATER CAPITAL', 'CLEVELAND', 'FOXHAVEN ASSET MANAGEMENT', 'OHIO', 'KLEINER PERKINS CAUFIELD & BYERS', 'PINNACLE FINANCIAL GROUP, INC.', 'ZUMPER', 'PINNACLE', 'MMI', 'U.S.', 'BREYER CAPITAL', 'NYSE', 'MIDWEST', '$17.6 MILLION', 'KPCB'}",,4,Online CRE Marketplace,1,http://www.prweb.com/releases/2016/10/prweb13765177.htm,Zumper
marcus & millichap,"{'SCOTT COOK', 'GOODWATER CAPITAL', 'CLEVELAND', 'FOXHAVEN ASSET MANAGEMENT', 'OHIO', 'KLEINER PERKINS CAUFIELD & BYERS', 'PINNACLE FINANCIAL GROUP, INC.', 'ZUMPER', 'PINNACLE', 'MMI', 'U.S.', 'BREYER CAPITAL', 'NYSE', 'MIDWEST', '$17.6 MILLION', 'KPCB'}",,5,Finance ,1,https://www.businesswire.com/news/home/20180508006529/en/Marcus-Millichap-Announces-Agreement-Acquire-Pinnacle-Financial/?feedref=JjAwJuNHiystnCoBq_hl-Rc4vIAVcHHkbDcwJimU8QtrtlakeQ9hNboBqTAWIjTge3KWq9s9jif-UkBjBsFRyYAbRTSLTc1mgvhPlnaBA55M-oupQnbXnhKsYk8RmHF_kAy2gZikaX3QWV6xOvgFlA==,Pinnacle
